{"cameraMode":{"drawMode":0,"name":"Shaded","section":"Shading Mode"},"sceneLighting":false,"audioPlay":false,"sceneViewState":{"m_AlwaysRefresh":false,"showFog":false,"showSkybox":false,"showFlares":false,"showImageEffects":false,"showParticleSystems":false,"showVisualEffectGraphs":true,"m_FxEnabled":true},"in2DMode":false,"pivot":{"x":1.7881393432617188e-7,"y":0.8886947631835938,"z":-0.004407018423080444},"rotation":{"x":0.1260809600353241,"y":-0.710120677947998,"z":0.13164927065372468,"w":0.6800780892372131},"size":1.3717772960662842,"orthographic":false}